Feature1,Feature2,Feature3,Target
1.7494547413051793,3.5496579711338105,-4.940010353842427,0
-0.28607299681629417,7.583374295055157,-2.3978649289424183,1
-0.4845651322211443,2.970969358534732,-0.8701266653741473,1
-2.653318559261479,6.038528963636807,-1.576873316332752,1
-0.00828462937293584,7.616169036798453,-4.461415002514108,0
-0.31963136376429824,3.096145177004691,-4.470450469260848,0
-0.53662936223473,9.270815177520204,-3.247769194242592,0
0.3154026684256969,6.769801263417035,-3.1905868194825358,0
0.42105071625547846,0.5971435325902368,-1.8488205838592555,0
-1.0656029804488336,7.84466101654788,-3.4446743081919973,1
-0.886239669955473,8.890224110000982,-1.2731642335406224,0
-0.4757334926833952,4.521271306903394,-3.753305425551871,0
0.6896823102014212,4.657843624204873,-1.4027023894075996,0
0.5611921760332811,5.7957342041818505,-5.130251426673599,1
-1.3055485097805806,1.2252762925422171,-3.783151298046496,0
-1.1194752615996189,5.359470618581102,-2.8951327808548815,1
0.7368373912295207,6.925839090505539,-1.7101500517771258,0
1.5746340731042836,3.939796599529621,-2.1631978632854,1
-0.03107508846786004,7.285448892182719,-4.249194218072976,1
-0.6834466274652374,9.486199114082869,-4.9017218175203805,1
1.095629698519445,1.100935748508045,-2.9836129141394774,0
-0.309576637220662,1.4050396349259309,-3.0792544240416797,0
0.7257522247990231,3.6226301156978034,-3.5350345910089893,0
1.5490716333717869,6.316443294649135,-2.9811446878550276,0
0.6300798224934151,5.811953689519824,-4.9391420990786825,0
0.07349323700188944,3.195097891134293,-2.182186333222673,1
0.7322713538852552,2.7568963627223866,-1.459602268240635,1
-0.6425753924333545,3.566996089393912,-4.279400585946121,0
-0.17809317531243007,8.456421250574563,-4.225622688113754,0
-0.5739545594102069,3.1214524473658143,-1.1051045316092485,0
-0.20437531566217204,3.871396441724767,-1.341767610947469,1
-0.4864951001088207,6.958425597886151,-4.136882453156047,0
-0.18577532395900828,4.496630743323291,-3.967352823707754,1
-0.38053641675867705,3.039930575155627,-5.566729314884224,0
0.0889776353222905,7.921600092040901,-2.210884385970416,1
0.06367166142477786,5.715248525201379,-2.648078975879895,0
0.29634710809428044,3.6612435830201946,-2.9051521778968126,0
1.4027711194838541,4.273667516819923,0.4322289354542539,0
-1.5468625676023853,6.922742510021765,-3.218167912089866,0
1.2956185848026505,4.317644372634661,-3.122112737429838,1
-0.2372504457468327,5.576550448089946,-2.5634793302565333,1
-1.2323462066022715,6.849358519051862,-3.228798424997444,1
-0.1724197671774095,7.068334343767032,-1.2854660149640438,0
0.09183837492938327,1.364001919929735,-3.1925607044961515,1
1.0675584570477854,4.08545439576583,-2.751249326332833,0
-1.0616344482718332,4.397860977643789,0.43182461559552276,0
0.21734820797221702,5.279897623930169,-3.804308756291136,1
0.11781950435342614,6.627024362192549,-4.730202060829941,0
-1.68411089296333,7.430411763760798,-2.698970873995769,0
-1.1857552653505647,4.1712520856675,-3.859269925807818,1
0.6001020056275471,2.861145474060011,-3.8860225850221344,0
0.6955672553748646,5.478237825741228,-2.6064225840675865,0
1.0877108600968604,3.890635976468926,-1.6617404936076245,1
0.5338217156453108,8.574955861278536,-5.235340338010753,0
0.3952120129351584,5.82092493995885,-3.239188651659549,1
0.12286752936260395,5.213958308411148,-6.076036072958523,0
1.2091016420933416,7.105214093025374,-1.5712890417109007,0
-0.8430661010803197,3.7846976742196263,-4.5020884110366755,0
-0.14189358101621208,4.417953044017047,-1.9917905500582718,1
0.3853541380984869,4.754896237918563,-0.2691969659531743,0
-1.5774943085916198,6.4201061665893775,-0.952397209680897,0
1.3109436402150754,7.726923265703069,-2.340953665898093,0
-0.7928650077765562,6.696923319614044,-5.954308812905014,0
-0.07174941217099023,6.634285739383052,-0.14272533348239147,1
2.156674425806779,4.662963997860027,-3.6025377829960696,1
-0.8294372522768853,5.864891310169891,-1.786559493819225,0
-0.5293720276479461,4.64927040366829,-3.738727648904345,1
1.5617036936504114,7.438809358628682,-3.344791187191298,1
-1.0801938251972851,3.853331928313663,-0.5668883192213197,0
-0.4320576187374964,4.969687558389128,-5.475501704200187,1
0.51608403733497,5.598027538500057,-4.839884742764272,1
0.45539286028580667,6.6915045126152535,-3.4289174664641378,1
0.5936862029814544,3.655532122536564,-1.404664499393443,0
0.370506334286746,4.652699678520352,-6.743458169656642,0
1.3453780718487536,3.462932599303235,-1.103384952382294,1
1.0159421463860647,2.4178685707219314,-3.6126059228182763,1
0.5952784540779213,7.295795022602343,-1.949317731016276,1
-0.6828016163681212,6.033212214740626,0.9509932079067367,1
-0.7135599294040993,2.098196231869858,-2.2244427044812976,1
-1.9082895416901746,3.150139023870456,-1.341769599612603,1
0.6873123485844095,6.224634376816836,-0.9219664995479908,1
-1.8230095835236662,3.8875080578889434,-3.4366692012538125,0
0.8791137997169072,2.9921461055197365,-2.772003827603468,0
1.8463648729317061,7.613396414579547,-3.240059566472294,1
-1.0616544037884463,4.127967408203711,-2.6614323634438057,1
-0.6844846684032199,4.355341555048069,-3.4378890376887683,0
-0.4762144798666495,6.227687512145151,-3.7673370492044147,0
0.8303104295602717,3.667564448263067,-3.894466311755814,0
-0.8633525162339086,5.136234446491136,-1.841499071335055,1
-0.13054146707773523,5.415181542554037,-4.9888634367967235,0
-0.5230876326157433,6.582921184066024,-2.8325140004432887,0
-0.25127692435468146,3.602242307551057,-0.9294193781483289,0
1.2912747284232993,7.260442620884003,-5.075625398956868,1
-0.9642048531813225,5.76945996572542,-5.630367361640618,1
0.07175977417228958,8.683280688963539,-1.9772596102190658,1
0.27160629615640114,5.526429568776844,-4.1952260285221,1
0.8586671738730903,4.010014388106822,-4.091895184578899,1
-1.2640736790434945,4.005092301646439,-2.035300200734522,0
1.1148702849563317,2.8049122248577234,-2.5310505227726643,1
0.43477698670760984,5.059632894792837,-4.016788878840904,1
0.8742727658458852,4.93652715471678,-3.4919494245552762,1
0.07165210025884777,6.85922954466537,-5.218172434895894,0
-1.6390516267392266,5.230300071109715,-3.87544201919791,0
-0.6473026312724075,3.3654829856039923,-3.1158620286325025,1
0.8177695662661595,7.113577342771355,-2.170789871554243,1
0.03679475399862955,4.186931871414916,-2.111510971463419,0
-0.04870254236748755,5.5873464925746505,-0.3845563470101143,0
1.7915310965993816,7.9772106232130175,-3.100390213158732,1
2.2018563138041243,7.601152897582444,-1.4968022547687114,0
-0.03706690441882626,3.574753488648244,-2.5865436896918803,1
1.9329054284744887,4.810427614527917,-4.471201276025218,1
-1.9935715313257563,7.731711976033986,-2.515078198968658,0
-2.0490572604691897,7.014465354620694,-2.466201655065731,0
0.8670552083195185,6.124054577303866,-1.9786832809740946,1
-0.26196107320485784,6.813969083974373,-2.249065862199331,0
0.5789711070908105,0.6907518696787571,-2.793294016012034,1
0.5165523855469867,4.430327595009228,-4.333144938698423,1
-0.08940364049732401,2.1274479164370854,-3.4521375956954357,1
0.6821297104769012,3.731226716752781,-2.560510344477052,1
0.1507220091744646,4.235446135235286,-2.0184074794701434,1
-1.5321425223126923,5.9499869126283444,-1.7718821244288876,1
0.21886857740027746,7.350495095650709,-2.4510292185658997,0
0.1856632544475102,6.563618001169518,-2.0371859562303674,1
1.832776536801211,5.52713787628963,-0.8431844354141598,0
-1.1288944013131346,4.256745895125252,-2.684874353006064,0
0.01699688084106283,7.5364051877867775,-3.798565443301518,0
-0.42442882494572987,5.489396057176676,-5.125385211162821,0
-0.13290989911115147,1.3923848376239132,-2.9435302987826497,1
1.6592046176964066,4.812194363597767,-2.0657181150035573,1
0.3786406842289673,5.941156329904327,-3.560668000395588,1
-0.4645660624836016,2.993739497319001,-0.7797338278914041,0
0.15384124503486238,5.368416050366585,-4.302385586081987,0
0.7661606204038456,7.964338640503108,-3.5617327930713,1
-0.9940276932279378,4.39805536509688,-3.067129845459273,0
-0.26434232875389496,4.799865792417342,-4.869667790984687,0
1.5422092203408082,4.817702018202413,-1.49929142147961,0
0.856152045689601,2.9360891296221863,-4.142446936176652,1
-0.04480261697554768,3.9349169318435164,-4.794774352003735,1
-0.47748922897960105,2.8546978378486205,-5.769583601638753,1
-0.1540655244375879,4.288744262885264,-1.6468884532372072,0
-1.551079461180946,3.2513532505478824,-1.1153414034905997,1
0.9430359810936154,6.803181388610606,-4.557680294118573,0
0.34115343851036384,4.631994691335155,-5.179128076408742,0
0.13827321731793896,6.571686327468939,-3.7213252555510072,0
-1.2974226175245323,2.314807924625867,-3.065901314203632,0
-0.7149624441521972,4.814272185108074,-3.8550834491892445,0
0.5144796332603411,6.014562351208068,-2.327934509587661,1
0.2577163810737392,6.253317160855612,-4.644749173890589,1
-0.4967304772912818,3.600564535508351,0.0492489262706064,0
0.5050219167601375,4.6401101108379015,-2.5061701277433435,1
0.9387831252206129,5.069008486452722,-1.5218532776303089,0
-0.6750202746791516,4.155651507325907,-3.6463346066164424,1
-0.5308582401032517,4.00716447438433,-1.5921538628104974,1
-0.8698619435111538,5.904628717643028,-0.5374850177600838,1
-1.1552642248167024,2.4555812735699836,-4.113806991366533,0
0.7966718469286511,1.191069891739644,-2.825437628304458,1
0.5100280218356305,3.863117170379165,-1.518732802330708,1
0.338713936488136,5.428588421779656,-2.3962486228949027,0
-1.1721200345360938,0.24147673490300825,-4.282049873949489,0
-1.04596765473378,7.583486208654531,-3.7160319457552875,1
-0.06766856427610772,5.051436628305795,-2.136431534284206,0
-0.41320975335666554,6.031325964303138,-2.5145948682611383,0
0.12008279961121575,3.169831693459379,-4.002727435169988,0
-0.6989716862752283,4.77950230292819,-2.513015673649766,0
0.654024882100567,8.5434403862431,-6.345433877456003,1
1.799480074142486,8.627924712710994,-2.899437306370642,1
1.5466060951133112,6.137448478061798,-1.5703622148812613,0
1.6098739849421548,4.316611445781366,-1.6089161963269663,0
0.07101978026951258,4.657422139254972,-3.656522189473606,1
0.9215752313894309,7.543101590330171,-2.6335252785607146,1
-0.3768298425513719,3.440347615742564,-2.6708884329117493,0
0.9199825431401579,2.9935286469491267,-3.192981194369758,1
-0.37842255427614147,4.595356361939124,-4.242027881414495,0
-0.4889754351752957,6.7035103368224895,-5.191135901428895,0
-0.6443938169659629,2.6997283180858633,-3.973080844798092,0
0.6991408368712346,5.577924703275258,-4.938686514815746,0
0.27540665751010024,5.6090209172066325,-6.2953745934690355,0
0.1863253406805226,5.121265372649994,-1.3507643510650498,0
-1.1398056522390698,4.540783509287296,-5.39082237709408,1
0.14180489053192544,6.7222320390317964,-4.214042620489443,0
-1.4407193535671599,6.007115105357467,-4.238579271373685,1
1.4765128242106418,1.8902731510095125,-5.924605752333797,0
-0.13155348330730365,8.077184439091273,-2.8374417131808953,1
0.19442920172406122,5.750860843502691,-5.927836377289604,0
-0.10514925319146645,5.458928406417219,-0.7222453939910061,0
-1.58396257911528,4.093830559302758,-5.4972216516271075,1
-1.3717736855742322,4.216318404724838,-4.607524679323621,0
-0.02831833824484874,-0.29355908333427116,-3.672949398693514,1
1.4924714994414552,4.324635828372455,-3.626484607886336,1
-1.115237216093847,5.984836135711175,-3.4250936088420065,0
-0.7054140258656812,6.025817580267361,-1.7232447349064484,0
-0.04723257451028199,3.407212460500883,-1.3134694466471728,0
-1.68728060745894,0.0002485618755958541,0.29523432118934334,1
-1.6973421151572234,2.4842315725543602,-4.84635595257906,1
-0.4114539422574148,4.137263163390801,-1.3981292185755625,0
-0.04527514308732325,7.35427635959954,-1.9297983099857452,0
-0.3911731326667029,1.4943181845242544,-3.3859237037436625,0
1.5342223499177945,4.800575163574684,-4.900542214837952,1
-0.16419294732345824,5.959632666710525,0.7323596026597357,0
0.3603666531546502,6.024376348115521,-1.0697269641305547,1
1.598049900832006,4.580307228305453,-5.58658331792934,0
1.7037218231371491,-0.8555595413972856,-0.5889879930802819,0
-1.5895198941245259,5.990669144354835,-2.1732146255893348,0
-0.37724651690531175,5.029548931191863,-2.5198732048357524,0
1.1625055095969714,5.862670871572215,-1.6767838016201608,0
-1.3788587073372665,2.8625731531449112,-3.8010044116756943,1
-0.9239956798160827,3.8084785940706016,-3.08725678302434,0
-1.2975133898775162,7.827846952372148,-1.4398026413616747,1
-1.3619342279239874,4.608534629661861,-4.645030310165266,0
-1.1341853700682918,4.784826686547361,-4.970403638505543,0
0.17684275184648754,3.3537709743271096,-5.459164540774166,0
1.2689255154785455,7.350648721712545,-1.761181126698458,1
1.528022876960117,1.48687698133465,-4.51623021634455,0
0.011887983431901571,3.760678364965134,-3.4550642136311356,0
-1.9705718866459223,5.694561764714602,-3.688098745540888,0
-0.056632585221799356,4.748680964895544,-2.039758701196741,0
-0.33920241505065524,6.617721681286726,-2.395686665463293,0
0.3523211224797323,5.6968554743164574,-4.174445016981361,0
-0.12841311224164764,7.76260429164569,-0.8172499517407408,0
-1.7961130957089255,4.397865038952504,-2.2949148191102333,0
0.41328344600776773,4.5926135057056685,-2.421734579923626,1
-2.0678354367402183,5.4301891536993265,-3.6068932596704943,1
-0.6901112142699997,1.2669865509275002,-3.4654431207534593,1
0.31175071363604456,7.740444579549704,-3.34061007956164,0
0.3503665668935228,3.040251374164049,-2.926251337320545,1
1.5713480059596798,7.1875345878689005,-2.3108405338430673,1
-2.3624135931478936,7.815192450464522,-2.3062141586982468,1
0.3399842089938954,6.953479807103253,-3.3480204043250494,0
0.6893803454831339,5.3109200636166305,-3.151269925606991,1
-0.32721413667960075,3.6315745632978427,-1.8966614222056388,0
0.6380315243743446,0.6000034843501059,-1.1514828402719797,1
-1.101998630921613,6.06145666021381,-1.0698391647646661,1
0.6570275801381806,4.442777579575858,-3.001538932861474,1
0.5382152468459797,8.404788458468825,-4.881982141329187,0
-0.9816296537245311,4.332035256522489,-2.720240185691093,1
-0.6666398131837341,6.203045241739238,-2.71193714652652,1
-0.18982393579914447,4.114536674438604,-2.840488443158493,0
-0.6560853533913439,5.805904561946717,-2.1862980260307516,0
1.0443970821699915,4.229665527976051,-3.7201219513616532,0
0.17516746592116653,4.5915978038997824,-2.7901221718596556,1
1.3147333312526004,1.1222568404723607,-6.467987472948047,0
1.1752495668432572,3.4898412359007307,-0.2801263749994627,0
0.0608470117808393,4.628815065670748,-2.9213471637386212,0
-0.1931045790495699,7.523013141657771,-3.4529372376333693,1
-0.94665565510495,5.489763750392552,-2.1852721241331587,0
-0.8046106244538854,2.4572992172082895,-3.3495917313873482,1
-0.8011911181233687,8.15738403411871,-4.078131111089707,1
0.3478505379307534,5.657698668890506,-1.715058571870572,1
-0.883665815426285,7.20512752801367,-2.8866667873377136,0
0.07865828174487609,3.102220179140986,-4.008396660331617,0
0.19258912823363422,-1.7239840636014092,-1.9377295715420257,0
-0.4962343099179057,3.378554756600902,-2.310439163454032,1
-0.1862245443976097,2.85931383348965,-2.4102133972261295,1
1.4453699083701013,5.4778834476600196,-3.4378815873876833,0
1.6119815201814407,1.810095887950907,-1.3578528634493523,0
-0.7826330245910188,3.1303193894539016,-4.347869338725936,1
-0.19461344414636564,2.163591266464173,-1.7171989205376157,0
-0.3721320474693785,5.218314774022923,-0.690412649108783,1
-0.2757665452852372,3.0627195507616136,-4.366805156783588,0
1.5351378358822572,7.743240187037589,-2.6429992420543185,1
0.6864546383839902,6.55649029598098,-5.7013650300156735,1
1.259915715903744,6.668222547044407,-2.943794792629641,1
1.7768794880824499,4.525803562364565,-5.57896392000115,1
-0.44031350014026416,5.448029711630775,-5.016586899169134,0
-0.18720727015789693,6.724958751536996,-2.6985004942686537,1
0.04040658264223305,3.2516650773514044,-1.3682060585811047,0
1.0260364810454987,7.501605715976694,-2.2410830804284188,1
-0.09099780713721903,4.82135454716141,-3.3346136324497064,1
0.6457863258996707,7.545834025383556,-4.189399224132515,0
1.1683086369808429,9.555620615250746,-2.979116286381191,0
1.1632303210126191,8.16258552604845,0.6424772715058094,0
0.44667889141167305,2.7943656510857107,-0.8620463954962161,1
-0.7887154278616201,7.45694171165364,-5.023869550482932,1
-1.5541020981347342,4.345169261749117,-4.0853271971151415,1
1.1216330813577764,4.126369211382848,-5.178855010744739,1
0.4565999372010111,4.507533120935815,-2.163397504580395,1
-0.9374758818319201,2.5937274813718005,-3.4499215949951467,1
-0.5050761779729077,5.478997954306991,-5.338597984163863,0
-0.44880049891457036,3.5365937725747854,-3.278854690744366,0
-1.6749490012071133,7.253575581558484,-3.748866842884951,1
0.25154609374376286,5.643749907486727,-4.620860106994843,0
-0.7870391389430392,-0.2746567084065443,-3.552239944140528,1
-0.2944067332377958,3.025197660693431,-1.700877702444838,1
0.7397007056320224,2.925660715751772,-4.423126492078282,0
-0.0956359052901485,3.5754637992977516,-3.558891801896602,1
0.5430531953495163,3.629036598432636,-5.172193459737734,0
0.42238523871944633,5.391739128022543,-3.6380777267048083,1
0.03166912697607089,4.64976998858687,-0.942579287112947,1
0.04883097621970391,2.756239610855033,-2.184376837040082,1
1.8616133562506236,5.85775571709244,-4.086836493523647,0
-0.1706758926166885,6.816707843867977,-3.9189014644565985,1
1.627672044485904,4.992460215407248,-1.105512093042742,0
-0.9140007031345446,7.365037566319369,-3.19950485264187,1
0.7294006921678696,5.8465216938775155,-3.771915946354803,1
0.17090542749327628,3.840905736148941,-1.2575473684222234,0
-0.7292544365305464,4.173224817738278,-3.5912248083205087,1
-2.647464525562265,4.983089869263749,-4.062208549868738,0
1.5949247147448806,6.053271177947701,-2.3425772873768804,0
-1.155204047708843,5.324737299889883,-4.917970629868106,1
-0.963054050910983,6.958142604679699,-3.5979818450293664,1
0.1296300122955591,7.313062159126168,-4.118701057188826,1
0.057139143298687564,2.9320583610384814,-2.7136461184812264,1
0.2787961144099336,2.62838959676413,-3.0924197997204006,1
-0.25407814228621645,4.763870238591309,-0.14603500659304647,1
-1.4996158281510457,5.895369445086592,-1.8648952962830947,0
0.8670126209661474,6.8155475831480095,-2.8603973737584094,1
-0.9046867816509581,6.285243498196179,-2.0306531681718645,0
0.2232899860178605,6.225596987784097,-3.220359655857717,0
0.5744411328094213,3.0999950744723543,-2.491058686836916,0
1.1822252274858696,5.737909606417039,-1.9939734431706504,0
-0.217903410574504,3.6766093931003265,-2.1755862987781276,1
-0.3054390592469231,5.818763777534314,-0.7441428717347973,0
-0.23331191858949996,6.795948057304138,-2.0260436528772887,0
-1.8485851893870515,3.6252210897896378,-3.9374867487355187,1
-0.7548163579788724,4.493394356405036,-2.46571459929213,1
-1.0043840391925005,9.942921932453459,-4.573157454926697,0
-1.1498630429647272,3.455608673606319,0.18316585613638026,0
0.1676933905380508,3.961179691690991,-5.699356545944601,0
-0.3114882545576137,2.775546918538272,-3.0666708140896457,0
1.5962650396770317,2.0773088795557615,-2.1152163880755843,0
1.488958881676849,6.989419382655769,-4.290930326373504,0
-1.8824488336352412,3.6132302212463188,-3.5303512136015884,0
0.12257921617255155,3.72643815734851,-1.3398311377126133,0
-1.0011644815020249,3.362710072993252,-4.731796633811952,0
0.5561905345956872,-0.697439642473741,-1.5053388159526162,0
0.15811975472923329,6.491513880740239,-3.248925912966208,0
0.9305168352790645,3.8595894854971347,-3.4460051019881415,1
0.31083281321188827,4.871059053447944,0.08268891815812074,0
0.761206486408791,7.740011205605315,-1.7284936978804177,1
-0.29857060204296876,4.6829901754159735,-2.3144558319558834,0
-2.5080932778997505,5.232442416309388,-3.284794591577395,1
-1.185082832286841,5.329011912706348,-2.631217260919588,1
-0.854932064632513,7.556698631780284,-3.157335563222752,1
-0.4901495526084476,2.2536791725234377,-0.1447798660305315,0
-1.012162446469123,3.8366888891291637,-2.597693633059737,0
1.6331813662562917,0.5818022043122983,-4.005485201770483,0
-0.16815642273750053,5.03222831273016,-3.6570779440186043,0
1.2960508648088362,6.27836637362553,-2.2830230459059013,1
-0.3382731943741905,4.128219437059913,-4.559628251954912,0
1.6542691097907953,9.02870478114316,-4.038808389822717,1
-1.2002767427885788,6.982282821088451,-5.324114978830494,1
0.5996606397728095,8.961530068326322,-6.381625781839036,1
-1.3299641962901436,5.349152634950995,0.5348637656742006,1
0.4420576690486375,8.679875381534732,-3.2124977193712247,1
1.5867044483506092,3.992513626133921,-0.20553407882130514,0
-1.6339945804982015,5.878144662545322,-2.0224083083052706,0
-0.871977598124169,5.30306821544719,-2.4356660917932667,1
0.24524478565021116,4.199951093575134,-4.539877865682898,0
-0.1859278763957235,8.409560933199081,-2.9322020120975156,1
-1.3690440007505713,7.7409781245703275,-2.614594779931795,0
1.1566889631183457,3.6955686051856005,-4.230462699029164,1
0.05231493016737879,6.487632665197128,-1.789247724351569,0
1.2935507885939366,5.299065792867175,-1.0025110543611784,1
0.3186222562782197,5.431097297102042,-2.1468635022384195,1
-1.153398304579039,6.33770035029141,-2.5350521334860963,1
-0.48124193664901377,4.114049144116992,-5.440772970534938,0
1.3820987236420772,5.514904477376939,1.3406695182290589,0
-1.3858582540686621,5.7407573119900555,-1.7165097096658648,0
-0.4657971602848702,3.9143209928797305,-4.634477378440711,1
0.6006247234704005,4.11165783354908,-4.598808823912247,1
1.0150264673360452,6.884266953383362,-3.873938346386483,1
0.8273610894383676,5.2040348726079495,-4.362236593060306,0
-1.4742026834577786,9.911093186518272,-2.7998723800916325,1
2.0863777198018134,9.447844613524332,-4.161941872571791,0
-0.164667521296398,3.6506766281243257,-2.6698110976100975,0
0.012235653693513508,5.738929430642228,-3.545054854403053,0
-0.00300907909402141,1.0152162738539063,-3.2688368304626474,0
-0.23195084361277854,3.7519506288689666,-4.656414556988997,0
-0.9670981468987875,3.244591707827298,-2.5957478515514376,0
-0.3269602794870085,3.485969291655895,-2.4659808347968544,0
1.3223417590574933,0.6977428904098621,-4.099731859576011,1
-1.3621455007427081,5.5599463520796855,-5.372782369373549,1
-2.4322541067346033,5.307231938384506,-2.7857696955897295,0
0.5349728872363971,3.3738516757943677,-5.599447781553641,0
0.3376592166371596,4.847057491156916,-4.085751607776851,1
0.7278632039532988,6.868852060034062,-2.1890339509464454,1
1.7271905511744374,8.244591115695563,-0.9922839204360785,0
-0.7252909547969476,2.3134093832026412,-3.3254843735573574,0
0.17716218430585454,8.209239779032922,-2.3947306267671564,1
0.5025693314840128,1.5242323381590368,-0.9522574528352932,1
1.231624180190663,3.3270555649104967,-4.498342255978501,0
1.025922920512373,4.196862524696607,-3.564370419324623,1
-0.843008707002265,8.112299568052745,-2.47615402922908,1
-1.3775037564323172,6.211556762423246,-0.9081976743720217,1
-0.27268000011220705,6.1721272363568,-4.711876759506677,0
-1.6128692382025145,8.14059746669469,-4.753603231798467,1
1.1095451162241716,5.445237830054513,-1.4575977765649126,0
-0.39478950223027476,4.0810425626226,-1.1007568679896327,0
-0.35611197472224787,7.95217494670902,-3.8786548326694232,1
-0.8899950964908588,4.546618583728065,-2.8372333240850014,0
1.5235430210339906,2.4228996196045784,-1.4720451999368838,1
0.28785430365757125,1.4899500392328737,-3.2657368477776996,1
-0.41233891618981383,5.3096100152620975,-5.828894208243695,0
0.6114326014426704,8.765062932392375,-2.628345513133013,1
-0.0854758924807994,6.492778169851629,-1.5125799408163063,0
0.5934978736177409,5.085979486076094,-4.872705617000995,1
1.3188113624692468,7.440876668946883,-0.9837234740587286,0
-0.2648842620253546,1.9760798709833902,-3.4432852756104757,0
0.5121361702588696,5.86066418452062,-5.690949951841944,1
0.47788562938351886,3.9032118979849786,-2.6471001375103547,0
1.1341889857300655,7.772352579762934,-5.283106571061132,0
0.59434380859671,3.294739410057776,-0.8968760655439398,1
0.03228426080317782,6.610241533651839,-2.236956339268317,0
-0.6428875586317253,5.39389373131903,-0.27026635143660505,1
0.29466554952632973,5.024205400691329,-5.51816966695133,1
-1.0463804582070442,6.393027453741389,-2.7800494164755274,1
0.654463056416046,4.72745636418537,-0.7761470009920228,1
0.05937127538516257,7.8924102408088,-1.1545029488605674,0
0.5488950146548157,4.571686769776441,-2.008125205747191,1
-0.5198492743759168,0.595949151988501,-2.408215952702269,1
-0.8018870695251511,7.9106626234894035,-1.992977363528437,1
-0.9135165529367315,7.683154943022874,-1.4358358521637276,0
1.106695446595586,6.015306604100205,-0.23572257041983358,1
-0.21907652502403824,7.8039028829417285,-5.647919085042004,0
-0.23033150386912096,6.388005863100128,-4.518765507148725,0
-1.7896612147069357,3.3110265247077106,-3.858786007944481,0
-0.05712151880202024,0.8523594634209584,-2.668142773447854,0
-3.4602827723795113,2.8822170094695396,-2.388187069539878,1
1.3621825575627018,4.411406367442453,-3.516385800678152,0
-0.24174051418207734,6.041465317788111,-3.092962566701069,0
0.020920964419089177,2.1171576596157373,-1.8148252082544338,1
-1.428653274975484,3.159827910265744,-1.1564963836574313,0
-1.095846421313446,8.04962706290579,-4.19118512736306,1
0.604649306159697,3.5740216863309016,-3.383230224429464,0
-0.20853827995602534,3.506175327652466,-2.894974861579231,0
0.42923441627499925,3.0623915177037335,0.8042225995765575,1
1.2708301222941167,8.262829825244438,-3.992430238594271,1
0.6632379015381875,6.578539902937131,-2.5177850265682515,0
-1.8989418144512211,6.7858219293541095,-2.9120968364445603,0
-0.984491995270784,8.32188182023443,-3.6328590151295193,1
-1.1357257149909428,6.928784720611321,-1.5681253381471276,1
-0.90996440708757,7.693052811983337,-3.1146903192760607,1
-2.080232335160698,5.727462661567173,-3.7399251550599644,0
-2.051728368658032,6.745841411626984,-2.894523437248419,0
-0.7437912792334548,6.256194008081532,-2.593382935900863,0
-0.5979988660535394,6.399421805087535,-3.9708606061910823,1
0.5163273020490561,2.6281760029560104,-4.129562918044636,0
-0.3247586012226988,4.551154568326085,-1.3078282432676018,0
1.4214401135495212,4.2494621770226875,-3.906381514372594,0
-1.8269053107502176,3.6725074797175523,-1.6239750727571913,1
-1.3917164825293296,4.8971307695604285,-3.274405186638486,0
0.24931152236631435,8.630480680220419,-4.318115362629051,1
-0.274068922220403,6.884073985754275,-4.765647100612778,0
-0.9898275853232873,5.173225164523356,-5.633223482480902,0
0.7678562495792152,5.655937390894779,-2.0218356690300676,0
1.0868767449051138,7.813559150131836,-2.087334359923738,1
1.3087111787420955,2.528373096675072,-3.7132090734903187,0
-0.40074671634903297,5.7572947694263465,-4.726454195398803,0
-0.009172539285803874,8.316537303533071,-3.9303323022891625,1
0.225701384286443,8.594315280052347,-2.8866679694156274,1
0.05525821938526311,6.783803031374408,-1.2078404116641384,0
1.0182673445198025,6.082214932667183,-4.111016488116161,0
-0.4931939851463893,1.3219776549885016,-5.682238723831901,1
0.3679713512250671,3.531281639152233,-2.798779243649617,1
-2.21271239132125,4.875959530758367,-3.6913495362620985,0
0.7528996073450089,5.72247752125104,-4.418533677698052,1
1.6374394120569127,5.786832698081896,-5.987262035066557,1
-0.028777471569969182,0.344769107128144,-2.290314331841252,0
1.035026304374565,3.873822544958414,-1.0213749603611362,0
-1.664157209009976,5.510739095282987,-4.723133441682799,0
-0.33522545045364033,3.408017312096421,-5.4505855112346495,1
-1.5440554497934054,4.49810452551674,-4.0242439609447835,1
0.3169854966582796,5.9787980972593,-3.655342979638619,0
0.5207938112211163,5.566316066775771,-2.4062642140082984,1
-1.3727057875573725,5.301344082315908,-3.0664712122984565,1
-0.8486165113359894,6.429804016798658,-5.8039857291327435,1
-0.5872429029548064,7.215686374834652,-2.8111125698368924,0
2.4208612863586922,4.363542367790036,-2.784838686185266,0
-0.07487924615682946,2.8347597502343267,-4.043759260832565,0
0.11869563888336541,3.5491090131792236,-2.789009434333104,0
0.35916783557411325,3.9606016452563884,-5.309447012836931,1
0.2962310929930621,4.863481781833937,-3.777689275694037,0
-0.2406081635347835,1.9235084428436164,-5.319423658372465,0
-1.332698644314621,3.421455615396619,-3.263822943830499,1
-0.6809726509542255,4.447919109776203,-2.092500014174844,1
1.6329922792115226,7.681894750413381,-6.2315895715966185,1
0.25475119393000917,6.007434993851437,-3.204843695118818,1
-0.37378078119264646,4.658152236400373,-2.138381230077484,1
-1.3545710022111837,6.735272342019578,-2.871112778024689,1
-0.057408400886979356,5.327749208122165,-0.7942162676985567,1
0.03015097896805575,5.435572411313405,-3.33095017323977,1
-0.6541569525778282,7.108382087035613,0.05776444269579084,0
0.8904254603373114,5.646457570233204,-3.0725962441314856,0
-0.5902919701732602,5.279355009641443,-5.05694793107549,0
-0.16980033225687277,6.420763761221316,-3.423971505283362,1
0.841362536593094,3.8797912734492845,-4.230492485134693,1
0.22292553431905937,5.07147169816186,-1.3689089877069334,1
1.1215615406379107,0.7667821387507043,-0.7186230290535005,0
-0.2305331904204957,4.143991444093895,-0.5870210571189278,0
-0.43367733686258664,8.072258444277198,-1.9925879628771652,0
0.4669634585963319,4.265302038953463,-3.3573935530740613,1
0.21361897531922835,4.985818287721397,-4.030314206918447,0
1.1847291588877855,4.141646624759489,-4.8599910732010985,1
0.40529031595465187,2.930691954587467,-2.117938104689482,0
-0.026987153327896633,5.9686388756870326,-5.04823961390601,1
0.44887378733962446,4.947038451148514,-3.5321969485427713,1
0.6547235912940474,7.179143477741126,-2.796478631844522,1
-1.1213390332264699,3.21453081553436,-2.465725909493669,1
-0.14342907537731306,5.070931694900472,-5.251699127887864,1
-0.3345723768280467,4.313960710099632,-5.030601566600504,0
1.2001707363170029,3.815664624350952,-4.92270572644739,0
-0.4851345051917245,7.163806333436183,-1.8404495009011583,1
1.0635498739205713,3.530401964193538,-4.864351924551057,1
-1.2649954614065724,3.5522986254022904,-4.519508606462059,0
-0.05551860018157367,10.063431081776512,-2.221843278804568,0
1.0671653162647967,4.856612882525469,-1.715832181533892,0
-0.26081598114104304,4.589708865631283,-0.2584767259239893,0
1.1525581079476448,5.929106421561929,-3.129482083391669,1
-2.027306396557585,2.989151695915089,-1.6852799084530727,0
0.0271763748444136,5.708498033452051,-5.79308311951056,0
0.16128389511580835,2.64315810879941,-2.134345801591704,0
-0.1255051764398918,4.054532706770084,-1.7684951061894831,0
-1.5083879516260983,3.8581401639200292,-1.5984417657589542,1
0.6661322167459323,7.706005198364037,-3.780828614471175,0
-2.3303117256445836,6.273738923136276,-0.8897458247422274,1
0.9485096786710054,8.703361760885981,-0.56975733655127,1
0.29173820691998353,8.362965926616651,-3.008749625874291,0
0.9871295114609564,3.636117456857873,-2.9345916667633296,1
-0.25388098330065423,6.065676645499711,-3.5294198085022894,0
-1.110962743990769,4.141433915344823,-3.471939731330224,0
-0.5158989506366978,3.7426837860711215,-3.021966367433237,0
-0.46381759075108614,7.409576185601357,-4.962858970546618,1
0.5987090760577601,7.8853365363790875,-5.099089811148506,1
-0.31106724064629754,5.267677714917048,-3.4475543834002202,0
0.4153243112870155,5.6851144102620825,-3.8292728299642764,0
0.48516581639298423,5.595929873746705,-1.5830041309307887,1
1.4225312966973602,5.6584360494574275,-3.365132260002434,0
-1.985401226411037,5.7160720157018226,-4.499269300055693,1
-0.4006742545132484,2.9879156877637096,-5.746415124022672,0
0.692475732496248,6.239696138916649,-3.5536089248811393,1
0.6955409382101949,3.635150895682075,-4.6698143165875035,1
-0.5528618477034345,2.6277319838410267,-5.770319714395519,0
-0.2558029832796985,4.727659867134416,-0.14399913176602297,0
-0.08388176838932418,5.548415898184339,-5.961035314422347,0
0.1418511926269448,6.69326189710228,-0.5106854443276498,0
-0.5509710885535165,5.76852271089654,1.6516771530291976,0
-0.6296908994008452,5.5959651124942456,-2.8408955972395122,1
-1.1039141040945535,3.6741440299667776,-3.678142522574978,1
-0.36521505005763294,5.804139067952849,-1.9733157791423956,1
1.4018877671580847,5.429499396159827,-4.360773305170381,1
-0.9318739862112762,5.587871875392272,-2.698642088784617,1
0.9797500209886671,3.5112429370835105,-1.8266930385979743,1
1.9567388226186033,8.408030618231445,-4.898488282231272,0
0.2235975061243304,6.5164655709255515,-0.6385008355282173,0
2.3796597236324737,6.363435151837726,-2.8657477089087102,0
-0.11628370079269124,5.190334454228191,-2.5353625125444887,0
1.692062530032887,4.432316331922065,-0.9704714628834248,0
-0.019393276109510697,6.863341044361568,-5.104954076305175,0
-1.18215720002824,2.347779270055826,-4.884513231223495,0
0.37767088669857474,4.074945183640164,-2.530810414459218,0
1.9170212166310996,4.411504880276955,-2.403389176697014,1
-0.5545299010327264,6.139012219927476,-3.339832286245247,0
0.5148750680662233,4.373606795252585,-3.1418875020690424,1
-0.9592861900950095,7.837853907800932,-3.352602474537772,1
-0.8466876956935421,1.4700988280492835,-4.440567859306921,1
0.49333884972800085,8.127724588439099,-4.977109689041448,0
-0.1449535768328611,5.625617683029396,-4.11291036133348,0
0.6052901415408611,6.87297146096206,-2.8048495490072916,1
1.3136404135991822,3.9597572597627795,-2.331431012195025,0
-1.1359617820606287,7.063819676232994,-4.901123067513414,0
-0.6432549359333803,4.333501818642765,-0.36894465852582226,0
0.08954510225727495,5.500504754993184,0.5566845374005593,0
2.3620430876691976,2.0160785822867084,-2.6856954267509687,0
-0.2763924183974376,6.0780267904453,-4.218450437614947,0
-0.4326153503435925,5.233284029628931,-3.2746106932706187,1
0.4889497766473068,1.206965409075297,-1.8033642198691722,0
2.1608825612884512,4.7812236721625725,-3.149919115051551,1
-0.5249935076259808,4.346176027133708,-0.1433157820963089,1
-0.24697949082630244,6.6294474358577435,-3.437035914053203,1
0.10246514293995944,3.625418486923245,-1.5739330143306343,0
0.818488430053278,5.368289963485945,-2.291820587095928,1
2.2454489742138133,7.567056587537629,0.41063565795244106,1
-1.179770456202824,3.2313239723378606,-2.3711819922456026,0
-1.5936029009515742,8.749336109098506,-2.2728442554924158,0
0.22726466082238303,5.473297116828461,-4.28650998057241,1
0.6072052264483583,4.524326285599634,-3.3825659917650426,0
-2.1558258820083194,2.2404099390834813,-4.997776132098577,1
-0.5366824117186019,1.4152504777062411,1.8954756691442185,1
1.038607190241686,6.8982574460519475,-2.9025506311482725,1
-0.4455891157572947,4.050737192971757,-3.289849489154001,0
0.5661181976469521,3.728939236951729,-2.933751182574026,1
0.2582522028953434,7.1147003029352724,-2.377442909490848,1
0.7365545516232049,6.337587608850406,-2.134768529609602,1
0.5209509932153346,5.225858725345532,-5.671082097910173,1
0.34987008175509643,2.0317024304100055,-1.0391262564543142,1
1.336180954535852,1.0574412934992488,-2.8714702464533843,0
-0.4690466922263756,6.876999879170166,-3.0577801864343415,0
0.21723024456803822,4.88932367210188,-0.2416171325773533,0
1.2240877279701674,4.4552109298066656,-2.5627434403262237,0
-0.4634357011637195,8.827830572704457,-4.1703897075723,1
-0.2727427020179188,4.139260155134358,-4.280470249725489,0
-0.6534212080021894,5.708441107936275,-1.7854517779456267,1
-0.8385073102641711,9.311716080897401,-2.8769568906031395,1
2.1239772946782134,6.220659529253054,-2.7583477288624434,1
0.5729136813720297,3.8838859555458742,-4.9230006276547,0
1.9799387628686531,3.297327024899037,-2.718711789506364,1
0.8364215165975085,7.436470899956117,-3.9861708322029825,1
0.1819350317485617,2.5111502540679886,-4.190714036621673,0
-0.1760104848366139,6.674067555372745,-1.0179200075626054,0
0.36982184602091983,8.252626149329142,-2.53782002670732,0
0.0616906000245436,4.808148635187198,-3.40244695059541,1
1.0173244530365457,6.6648887253471845,-1.464690066683045,1
-0.7658603912677838,5.153266761552244,-0.11739329783315533,1
0.27438565138653204,7.860806699228109,-5.273602118597113,0
0.5683574388230692,5.567186935222808,-1.541151029801655,0
-0.12473072885200343,3.6098921767771657,-2.5837385520766794,1
-0.12638682275502344,5.738682131169411,-3.0910879110073277,1
0.6553429319066663,5.316371914945938,-0.8345497147508079,1
0.665205215324605,3.782827378575555,-1.6810359431509216,1
0.002276775555527693,4.543894984821964,-3.657745218516089,0
0.09147363353968646,2.5967966588041635,-1.050851879724007,0
-0.45138130448963365,3.3318856589468355,-3.257812838824275,1
0.6596045740615002,6.3115493300028955,-2.9867727090045273,0
-0.01714495203162922,1.3081360641510584,-4.971094676861922,1
-1.4637172860743033,5.5770022424647125,-2.9081358344377524,0
-0.21091971756889596,5.044906510407468,-2.0623014271586513,1
0.7114760313196581,3.8343206214757375,-3.4697431091756767,0
0.3769130075401125,7.845165359758081,-2.9255463664889487,0
-0.7933007522685545,6.408591916674633,-1.0319074907038075,1
0.82468962501345,3.8259298975248965,-3.1982605429822555,0
0.6928918461074665,5.427274533314297,-3.932272381317154,1
0.6942177692584315,6.861118594961716,-0.38479208565980727,0
1.6074862438100965,1.8569275785671664,-4.057044391851503,0
-0.2501592469760728,5.452377325438764,-6.61042159284467,0
0.6810148236131831,4.522490271749473,-4.9372081315502125,1
-0.17942993732243787,5.811916076980361,-3.375408960188666,1
1.060102040947837,9.255780097731474,-4.827691370364984,0
1.2314252693103136,3.71004972351123,-4.729292494561159,0
0.5584382835458656,4.332682577889189,-3.740610330690712,1
0.8118959364243596,2.6086127580934884,-3.264925287328411,0
-0.7439535962643834,5.457563158942156,-3.374631597542313,0
0.6863947807841521,6.265495271180739,-3.0046735462764533,0
-1.1263612661903153,0.07229141230917868,-1.3262228051419453,1
2.2189962716077387,7.973012675757314,2.038197144348599,1
1.208305044704583,8.228686833844133,-1.1723432256308302,1
-1.47566561990901,-0.34991294750023627,-1.9592350927866298,1
-2.609702651632446,1.975642804760171,-4.0077209236310205,0
1.3439530993758182,5.973801201083167,-2.8305058409273895,0
-0.8136141067389373,5.213917132127997,-4.581726720660816,0
0.5806947191092122,7.389912111838033,-3.0053316937864984,1
-1.2626425342854752,4.465160363392814,-4.634949045676629,1
0.10246969508687889,7.63769573349145,-1.3288842507103888,1
-0.6162633837506729,2.296199783851916,0.22657957325357891,0
0.6245063001608593,5.880675801987553,-1.506627494456916,1
-0.30899325608695577,4.180883055143013,1.0908654487636582,1
1.508529041570884,4.1100435887123075,-4.665945039890199,1
-0.7352500040152868,1.4965296570305209,-1.6294164938703872,0
1.2998540675092876,4.240196066883369,-3.139487426265785,0
0.003117727291126068,7.824117448226929,-2.698800275246217,0
0.5390821995655274,3.759689454205731,-4.5956517071772875,1
-1.5744084697166751,4.601171650060726,-3.048806292463449,1
-1.735480462439699,5.334596616667433,-3.1165264920154145,0
1.0655364298267989,3.123961510874845,-4.033248102423999,0
-1.2127199888226015,5.607063197983943,-1.2338429069311094,0
-0.32641438734439365,6.202950790992848,-1.8159511422952748,0
-0.30781648833280667,4.596850116685536,-1.1527337336385182,0
-0.8892780788228974,1.340833232542873,-3.768055020552783,0
0.21296460307176965,8.160279775354763,-3.96702741493168,1
-1.3990555295703424,5.187228964719959,-4.741655585161945,0
-1.1785596208169427,5.043592162511925,-1.700467576668172,0
0.9312834568731053,4.662884596012939,-1.4905693497751473,0
-0.7950580753571346,3.899364258867184,-3.0118280886813107,1
0.7492094272605284,1.743698286738761,-4.053787660481353,0
0.6694638373804617,4.992415150156056,-2.8272271911300395,1
1.5225926560352208,5.392839915174754,-2.223093542710103,1
0.4603110808512396,7.078691531601532,-2.164519451600562,1
-1.8258409736951398,8.380206912559757,-3.353298083155617,1
-0.6445082786269168,3.6317024320641,-1.2607463074820102,1
-0.4071491274389219,8.331968410028075,-0.995745669174382,0
1.2315364825437884,5.271179909083817,-4.314550556594655,1
0.34843438600447657,6.275390100291929,-2.482588239300642,0
-0.4849737953488091,3.052583446441693,-2.841676355713784,1
0.4374392464602629,5.795348000242685,-4.924740932065242,0
-0.35546844102970326,3.2090958899904316,-3.815844345518874,1
0.5496016866065517,6.4573146125399985,-2.5640247508053227,1
0.15370507634777333,2.585881377692138,-1.1465550359708807,0
1.1089635980085017,5.183515412619953,-4.040415071889251,0
0.3354323847813354,4.260392475673923,-3.541868874631878,0
0.9957154728100633,5.821450866320339,-3.278973353190211,1
-0.010728153927646604,5.617172370030605,-3.601953823147411,1
0.7121312271332165,5.432642640226863,-5.143895666465001,0
-0.1516023080451514,4.099637346169255,-1.6885304136052588,0
0.6437161805859034,6.855196172507197,-3.3056664328859897,0
0.22405975465959752,6.268490583892401,-2.278339579580683,1
-0.12393980932997403,3.550551328742766,-1.9235209096125,0
-0.41947866386103416,6.627958748663509,-3.623689359886656,1
-0.27372078109090503,3.8320415050456713,-4.447644600752003,1
0.47357187230522424,5.307217505110162,-4.0232838725232325,0
-2.291784780616308,4.938370457854628,-3.7421838097476403,0
1.2407176720286999,4.9485647325416515,-4.227105754644047,0
-2.3674195061075287,6.73824717597167,-3.436150176410599,1
-0.18966342368359176,1.5158484000747623,-5.133617277285955,1
-0.32952016326159417,7.704568001560128,-3.661250137257966,0
0.7394139507163299,1.5866871674860032,-3.884566221553073,0
0.2357722271514778,7.650195720051681,-2.5965391841762537,1
-0.04318744829486908,6.293142193714533,-2.21623525832727,0
0.08390376669149313,2.1698687523567375,-0.22901587510390709,0
0.946247400570208,5.888431266926402,-1.1542999370391027,1
2.3410557705287074,4.537067961404172,-1.9091182660335064,0
0.3770661179492937,2.799185873799964,-2.9308971563021955,0
-2.0593363769574173,7.62102484683351,-2.8322041808337537,1
-0.4192080487871552,7.44380762802267,-2.36604397756759,1
0.41973344091187026,5.964890537777942,-3.2612960920720098,0
3.314682351565954,8.587780818548701,-2.8587399818942947,0
-0.7654231168582234,5.511945104406292,-4.2052145922047615,1
-0.3720787960976351,4.657977347910745,-2.3412893888821573,0
0.5592150832496183,7.869206311347741,-4.2820576563445485,1
0.323279673528976,3.7300936114774563,-3.6245503445555793,1
-1.3238628736939269,6.8393660699740675,-3.7327732654049948,1
0.947108422846165,7.4809910455262685,0.9421043642289377,1
-1.3160695544603986,5.684912100720534,-2.719938466649963,0
-0.2665588816673199,5.455027536813307,-1.4303653076304685,0
1.3247612037210696,6.222538144806373,-4.782466781400034,1
-1.3188039773578388,5.743024503674084,-2.0294263076337167,1
-0.34438940366324633,3.8431828895271183,-3.340394525051504,0
1.6701138606976065,-1.9745525011785858,-1.4937392607979993,1
-0.260590620719307,4.216283551219945,-3.4867460564584545,0
-1.0486634033526065,2.2930504305110486,-4.6273479977864245,1
-0.5821582844952924,7.226589606408755,-1.7453970981089837,1
0.8364654952811215,4.3337528153766,-2.8307228482998745,1
-1.5691190958216399,5.740090891671237,-4.882175039842415,0
-0.6334803246968714,6.779293944817441,-3.044794489997829,0
-1.4589433490276285,7.331855805313085,-4.326410894686093,1
-1.1584768583799676,3.3806891823763534,-1.847611947804569,1
1.2872661654321038,9.632044792904074,-2.7695232806543357,0
-0.08445518299027609,7.122946048294914,-2.3511264248647645,1
-0.4398438348361247,6.564944391260489,-4.326739040560619,1
0.4252123986880802,3.4196696359111862,-0.8707554251670047,1
-0.715776053335015,9.349124916834203,-3.7627897011789937,1
-1.2058897153920751,6.600638393781498,-2.43417049167458,1
1.1470023842447428,7.530957298650446,-3.2494220412723913,1
0.8780587547371449,4.66283787307274,-2.769207819197031,0
-0.8484079254777003,9.117221448562965,-4.731863155176464,0
0.7043679599543727,8.254580403888527,-2.769186907390133,1
1.4601682007157355,5.060483423735654,-2.2879646987827433,1
0.4909509612948868,9.306306959205472,-4.813068213142559,0
0.5001611005309492,3.1210064301824767,-1.3276005279113476,0
-1.2443972817018631,7.026386606871936,-4.384708437912153,0
-0.13489369580198315,6.566943297239803,-3.7277150180122183,1
-1.8753631364623877,6.646672065195564,-3.844346719681616,1
1.1150425811970028,3.8102498558233378,-1.1333634566301956,1
-0.17474025867003104,4.489644359350983,-3.6656958434079043,1
1.3258189054089298,7.1610759428492585,-3.5374013075938873,0
-0.7781411787273965,7.363627176949152,-2.392604512791934,0
0.8765344469714662,5.083354831061389,-2.661393373460731,0
-1.5936940486971565,4.651818742662202,-1.1584998219159073,1
-0.409143832415985,4.120110388786004,-3.523930197623148,0
0.5465626280964023,7.868261107314247,-3.8052554180720897,0
0.3557016917596051,4.846685083336381,-4.085339243002183,1
-0.061268082381764954,4.029953856599643,-4.0910809321143775,0
-1.6578323073572323,1.273767405285123,-1.8214439577104264,0
1.3282108251889329,1.4972566026873029,-2.1326777158055554,1
0.6621517672719703,2.8159019960523874,-3.410625205092397,1
1.1447187957467486,0.9509297881477474,-3.1046364143791823,0
1.1316251197227183,4.230960536011906,-6.237148608976624,1
-0.38044748295272757,4.430779918726417,-1.6482205130482817,0
0.3927177502101391,3.007338408953676,-2.2186069087226157,1
2.6628535727165836,4.165323819885339,-6.0925359114435,1
-0.8454956524680739,4.830657782970775,-3.745890795274182,0
0.40840668646446115,1.4342187962733384,-3.0467149820832082,1
-0.5666922052044577,6.440665752218629,-0.7313041972936807,1
1.7617521352007282,-0.58834523459418,-2.5098166361207332,1
0.17322363936301058,8.953803160924435,-1.0174613977325506,0
-1.0508497842150302,2.010998747290109,-0.5169038200599658,1
-0.6123919942157061,5.05645578197755,-1.7974717655208443,1
-1.423219683260816,4.2667516298942285,-4.326317165433747,0
-2.3039274249004595,5.755990202438831,-4.903873030499273,0
-2.741930577031293,3.464596200782572,-3.334011048661525,0
-0.737954905856501,6.08136732716669,-1.7259172938721536,0
-1.1456589032514453,1.8105872453487772,-2.237810191617739,0
0.14758332676327246,6.532761657414854,-4.84884891938823,0
-0.8391228848675772,4.413878408009264,-1.7952460170742088,0
0.22369405230135214,5.754012037653116,-4.2418565665498145,1
1.7880856526478652,7.0619517215725995,-3.4702618349252234,1
-1.1936575022575053,2.5760471226387587,-1.3555145232231067,0
-1.2294912832176508,3.7862987539056077,-2.6930326199275307,0
0.9911767239118928,3.463291671773768,-3.681848096607877,1
2.369662353487134,4.788819526570417,-4.034375256648231,0
-0.8877361081010391,5.323093154818451,-2.779833264077116,1
-1.713577431573558,6.456336889944304,-2.4688933038021825,1
-0.2982434977524095,5.428199857801827,-3.1074470506342875,0
-0.41404942356916713,4.668279804441273,-4.04908244498364,0
0.7155068664676433,6.091050986257855,-2.177492531822194,0
-1.079342361611765,7.075974779416303,-1.606087067725975,0
-0.2703670106365581,6.951041695420931,-4.572296279613778,1
-0.3193766164840334,9.239549104499453,-1.9065353585617975,0
-1.6021879940174328,3.716460828862002,-3.8005737077008694,0
-1.5955772048506272,5.464583517641821,-3.262087755012087,0
0.4473812914916439,2.276768502859971,-1.4307248187648054,0
0.549007200894239,3.5988016327716,-4.7330278018231295,1
-0.8112381775563922,6.250359124332534,-3.0639586251485285,1
1.5808665330184746,7.542637468989075,-0.31802948218908345,0
0.9430849280680307,3.9995868893734903,-0.6737227881159176,1
0.4657311194519137,5.94629735396294,-3.7189942835812726,0
0.613995324646013,5.162845149186601,-4.497006797296036,1
0.3500373601432024,6.033285860793416,-0.9566488423731254,1
0.7280020175869043,5.446976430542795,-2.5001008883229834,0
0.8727398304147305,4.040470974767266,-2.4467774504420827,0
0.06495680045327488,0.46245129925600104,-5.184602065960745,0
-2.0885393182630008,1.9724946906143375,-2.7113148667452873,0
-0.16997131595167134,5.780503038749801,-5.177611849310578,1
-0.8525738199916248,4.828372612473033,-3.2714384138875783,1
-1.2142541392575636,9.212550957401884,-0.09006267468981743,1
0.5999249257894863,5.100631403205327,-0.9865268824641209,1
-1.8183301080354604,6.853438284813934,-0.47213657362673667,1
0.8376464681467212,2.6190704987234597,-2.780396764968264,1
-0.6579024010265802,2.187466175045385,-2.278982444800427,0
-1.2568624127321113,5.412550459464527,-3.449519862887767,1
-0.8938777087232603,8.383387105655755,0.17876873442660868,1
2.3682584499865427,5.825827817761562,-3.64064771423673,1
1.4905563556361008,4.366565934926236,-5.002929318942719,1
-0.29712147312602927,5.826007368614703,-3.564583528096479,0
1.0774838171959622,6.2545472094758265,-1.271151194189726,1
1.8040910071252552,5.915727119493866,-3.665273236158335,0
-0.8974053286305292,5.055399765384808,-2.5799254320981424,1
-0.3014172577350465,2.877744914225796,-5.039316103435445,0
0.9274846236112287,2.7081677545509764,-3.878589213362341,0
0.3995683180677662,3.9677353691660224,-4.879903263760031,0
-0.38879222248606954,4.743819047376528,-4.608525775955452,0
1.6494356740135634,2.3561111186844528,-3.2995765631166813,1
0.5099815717600013,8.221641153135103,-2.0405235686136995,0
0.7986730626128432,6.210206539292772,-0.01189222807627166,1
2.4315039281668045,3.9432086007379694,-2.069221204343928,1
0.4914660868394137,6.546635628409188,-4.57262257167854,1
2.69292622145959,9.908441488725234,-4.59709312261244,1
0.3043205971383511,5.502040131549077,-5.242112108079132,0
-0.17197094637374255,5.460388734537911,-3.118928978821969,1
0.12429876640518848,7.083366538805502,-4.423169172016681,0
0.88399080369704,2.2786204072463256,-3.298679552450842,0
0.6623048129632332,3.8731089010995943,-4.6719250125016805,1
0.37281420109691044,3.466004134399541,-0.5902583291775607,0
-1.5247009555996756,6.5594978584008,-3.4146405557155584,0
-1.119990520264551,1.6244823587658566,-1.8299420139611176,0
-0.28052110398488306,5.663020689048797,-3.38647918665617,1
0.7348692155895036,4.041062362000151,0.49337355707063946,0
1.4677536376484286,4.43879085425614,-5.094986919329616,1
-2.463071875970073,3.8902530443211307,-2.0966791565463234,0
-0.16318662937495876,7.9672752666791675,-0.7933266575622113,1
-0.4810052625023693,3.278296116882267,-2.9120101313780484,0
-0.12496682740926784,2.610136062314801,-1.3908097982118666,1
0.2012245762284329,5.632077381743899,-2.9048274028621353,0
-0.8865552814431908,3.8456758589080327,-1.104937852078744,0
-1.3681918868714569,6.0347938049154735,-2.8496557588649845,1
1.0196148353484409,4.890440011781699,-0.14371780752121355,1
0.753399839810965,5.0789771941458834,-5.155170097504865,1
-0.44246739071725255,5.115018193801181,-1.6007341469518552,0
-0.14017782188025485,1.6008452258815926,-3.5241574386264487,1
-0.723815605211201,0.9450618662349362,-3.4064042812000865,0
-1.4570908862453187,9.043345642399878,-1.896201862037172,0
0.6463708455988155,2.6410042092230963,-3.7252459545903136,0
-0.699722525338367,6.042005952065619,-3.786981563833626,1
-1.1631124659695797,2.7405950270726174,-1.8929415262177094,0
-0.6331730442092641,4.8154348895262,-4.4745466483234395,1
1.6574796988693885,4.461944652161348,-3.1603095604428106,1
0.4350808274905839,7.908891421145563,-1.209670840750146,0
0.2229639398979378,4.580078523408796,-4.0371300649474495,0
0.07494733793061736,1.9066728521909324,-0.9428853172287135,1
0.863467169187548,2.1358883397436776,-4.433984804834827,1
0.7305133250165897,5.5973459934961145,-2.4261571231252637,1
-1.352366985536294,6.74095873432564,-2.683109847208514,1
-0.26471598335987523,9.029697502503247,-4.946663235168922,0
-0.6842244037658461,9.264961018871665,-1.6426764945962917,1
0.19820503219272928,2.1410866212055484,-4.998133374941965,1
-0.08615537049606098,4.755867653408628,-0.7211230147638847,1
-2.065317508267662,2.5417688923129247,-0.5157343117796458,0
1.1510235627089807,5.553419029878921,-3.8198387516257877,0
0.24211464124907942,6.6054111767776655,-2.7439462900986986,1
-1.7988100586073752,1.318762195480419,-3.1401604460773687,0
1.1407662782289707,6.710416455036125,-5.0570139981002225,0
0.09740514076521707,6.440988214753117,-4.151078459826054,0
0.4527352354300882,4.482526012578662,-2.973035038440637,1
-0.001060290883927666,3.7875197152936266,-2.8856496577648825,1
0.1317974885440417,8.327117159317137,-0.9770681871418918,1
-0.550989253997718,4.693080130146434,-3.5919642706828827,0
-1.7373332656121938,2.8055807151118834,-3.7171320364661957,0
-0.6709253825844121,5.2170944667085175,-1.8434945261494733,0
0.14294174617998576,7.075533075577657,-1.6854775577537633,0
-0.003598555010107906,6.376462407848677,-3.2289737957564437,0
0.6199982422593798,1.0613223935012286,-2.534862516153634,1
-0.14387767560047166,2.262405802225744,-3.744533795424621,0
-2.339639457814199,4.165583210168172,-3.104105373408436,0
0.6971968069790453,5.288274029154365,-6.090775082817107,0
-0.8784200446182924,5.285570918889764,-5.55265283832181,1
-1.42516761921469,2.4651886821683004,-1.5554872107805453,1
-0.3847634853419433,6.830770838927652,-3.84356824849205,0
-1.4514892422018233,5.9369663923290705,-4.538314125529299,1
0.30486704803636044,1.8264194648959915,-2.097556746249583,0
-1.0066727336251802,3.0593804292528715,0.28344469267407746,0
1.9124124521555446,4.762840321860351,-1.2833138986907429,0
-0.3219157055603774,1.9346133348161754,-2.1997650180779154,0
-0.6359626012311256,5.046628868477512,-2.8256548235201016,0
-0.7366236475249013,5.332770396168618,-0.04055835985344025,0
-2.271997555922245,4.1136291122071915,-0.16263205586736929,0
-0.9583375673894925,6.151522748338611,-2.4228531708643173,1
-0.8457630337017197,8.627838854473211,-3.294819549673429,1
-0.41073497656165897,3.6731682658261633,-2.5983484603540172,0
-2.3355719448067216,5.950843554863005,-1.9470617903695562,0
-0.03207850736215323,4.092930127873921,-2.9904146206892306,0
1.2396150145509413,8.080097736017706,-3.53766490243849,0
-0.5073449966092624,7.514725444587382,-3.6972143402663686,0
-0.12316437331565697,4.99913144237739,-5.011705627632916,0
0.36710158462562054,3.7657293878326428,-3.2091978947593,0
-0.881278098392853,6.572608705314116,-2.385454436787078,0
-0.5108884694943089,4.875657038828256,-4.838663942639933,1
0.9093977032225257,2.5393089328736997,-4.167649170750843,0
0.13450207913004164,2.9864532110626323,-1.3809965680181238,1
-1.3062878119493182,4.675503773458404,-4.114512103989807,0
-1.870692986040442,9.361283205268524,-2.3068767675292774,1
2.2774495319642063,7.195621057005786,-4.576202878520357,1
0.4050826619302253,7.783143098348101,-5.866594160538096,0
-1.6613845339524893,6.897807884715374,-2.3752134329146983,1
0.11507110599437037,7.777526254121753,-2.0009806997452673,0
0.6497799749739724,8.027125255457205,-2.5994030721869543,1
0.08339802100422042,2.7859254840584495,-3.03406904013799,0
-1.94603221036823,6.230389167893768,-0.7600339045395912,1
1.8120107856798358,6.269981137469158,-3.425081736063375,0
0.5801308063851166,6.0013943231411915,-4.179264408789914,0
-0.2273637739421731,5.8480046023772765,-2.596929042213269,1
0.6694155274184601,-0.05160425297232152,-1.3909916192235183,0
-0.2518901535769133,5.373420285923048,-2.4748123523413064,0
-0.3625486218523482,2.2841823398801018,-1.4223750274627953,1
0.8874500630528666,6.924292962448932,-0.6521914387140257,1
-2.034997286845687,3.9658500170390094,-4.167002708300428,0
1.0042949167581408,4.451286181438665,-3.182214559609615,0
0.3919729749447204,4.8883522654092735,-3.3828062049846026,0
0.7621389797259053,0.8985013710987451,-2.1063211643986186,1
0.920729561762693,4.650293747112912,-5.422385832668511,0
1.5783432573665266,2.4535146555811487,-1.5420219711649448,0
1.4649674912875332,6.9129524813113825,-5.093870416055451,1
0.8998138602802599,3.929667673252765,-2.428831083955597,1
-0.39153234162010014,2.7124733261160445,-3.4999237446998985,1
0.706497375972138,7.477972529095441,-3.6902078622197396,1
-0.48045068541368113,4.394856588969048,-2.1795895148354707,0
-0.9636003076289298,3.0410838365875055,-4.878949647856388,0
0.47695749636607737,4.777942536305275,-2.1336580700555707,1
0.3797441606928841,4.59563776483483,-3.5166134065394594,0
1.2298479216079692,5.458524891599251,-5.081079399690613,1
-2.1604675492486027,2.976249202427448,-1.5303193434290452,1
0.6296567710378349,7.132202355137889,-4.869837323161275,1
0.70607240857499,5.637244509153389,-2.110579538444217,0
0.1396962421477046,8.249156821850294,-3.63442725133754,1
1.5350541664667465,6.118279408311812,-3.5878544896331253,1
-0.8610302120937818,3.030132095369352,-0.9643170832432801,1
0.3736977865006966,7.119110489239967,-2.5835201281496536,1
-0.3474173252565327,4.480090145222016,-3.3690322857563664,1
0.01794826971964233,5.204780656006549,-1.705624232051833,0
-0.9524631788732574,0.07095038759871031,-3.72466382341839,1
-0.1067718000930691,2.4886823690136723,-0.6487627037325887,0
0.7204943395207843,7.748852748455332,-3.9520997725115734,1
0.15848436623770518,7.2103984414988584,-2.231957352799185,0
0.3883464323933578,1.4803785081738883,-3.884010918582013,0
-0.7417810882099374,5.670289408416719,-1.9768041517261241,0
1.6521519953763153,5.696061040514953,-4.347555440133217,1
-0.6702540161905701,7.507362234222585,-3.172465313308205,0
0.05893621255007525,2.823598335714141,-1.9649908423521,1
0.6371855489338136,1.5216449957339835,-4.990371954093696,1
-0.14524757092842092,5.630316804504045,-3.3352185187031163,1
0.8100496510195764,3.6842688971122595,-2.4435059494039137,0
0.23719558918699077,3.82990208736188,-3.797528572920201,1
1.7718931085504142,3.2148810114629445,-3.5907554306660803,1
0.6005472811394,7.501504563962682,-2.0393419752449393,0
0.44547598943197564,3.2858997793769653,-1.776706365197731,1
-0.7786611684494342,6.950083131992743,-5.430268335338085,0
0.5109302606626097,6.25644782978045,-4.415921873312451,1
1.0604386633903529,3.7047451369211872,-7.01971777414529,1
0.4621001667986909,6.981756646473378,-3.187462771196272,1
-0.9047019002213198,7.563835749067591,-2.2083463283421016,0
-0.5161193860228257,5.746114517728319,-4.441206755698838,0
-0.19787756440805304,4.564707229697053,-4.952569899565094,1
0.05654012219368794,6.5491063600935195,-2.49210164206692,1
-1.3686080265714526,3.535602100143886,-3.9383728071348947,1
1.9322870025503436,6.024495879179546,-0.072825034348865,0
-0.0678082339190959,8.107888803992829,-0.943517049155735,1
0.14740456640970218,2.338181522132207,-5.93614333838342,0
-0.41604423505411403,1.413898842491455,-2.1302432737210966,1
-0.01284968126815208,6.492308546582446,-2.1623516079440814,1
1.9718024700443075,3.2613214178904237,-2.0828433915603783,1
-0.9319870483365231,4.11646652742299,-3.198693682735434,1
-0.49891281212886907,5.331032034730101,-5.340118863353384,0
-1.0226015463116582,3.7883573088218636,-2.993005895184677,1
-0.5330619130749399,5.278499741704618,-3.95746336042932,0
1.5702614911038726,3.057719634055488,-0.48577004628865383,0
-0.614647888171531,3.9612836676835204,-2.2842855002603333,0
-0.4407595998770083,4.85284192102079,-1.257886345858911,1
-1.8079616625808101,6.135446189893119,-4.731772064067306,0
-0.34458128669778815,4.191722793275794,-3.160840194415409,1
0.2486969229125613,5.709286161438017,-3.5120222706870985,0
-0.4745399879243065,6.241782969991685,-4.509581836263576,1
-0.3831065084122751,6.039172070164578,-3.8821761289137253,0
0.8260911038061475,4.801272185853473,-5.522340027744454,0
0.5520506855988094,7.644987783175155,-3.0406238906459326,1
-0.0847087457477964,3.4797583988050373,-4.588529214746275,0
-0.7700659481468567,7.1321371511796725,-3.0527085933903857,1
-1.4987930022223233,7.025433615016661,-2.6806394110547833,1
1.7155807370752256,6.820155990941709,-3.653955242433222,0
-1.5400068134493685,4.009190452191627,-4.347929086682015,0
0.6716416417097301,6.9675474872844605,-2.0550172231027752,1
-0.1783752433620352,6.000588272878268,-2.0915293314194043,1
-0.7186285383994396,2.7954966793878597,-4.021587907760823,0
0.9122328987042136,4.422764396921086,-1.7271457117951212,1
